Origin Webpage,Status Code / Error,URL
https://auto.gluon.ai/stable/tutorials/timeseries/forecasting-model-zoo.html#autogluon.timeseries.models.PatchTSTModel ,HTTP Error 404 Not Found,https://nixtla.github.io/statsforecast/models.html#dynamic-optimized-theta-method
https://auto.gluon.ai/stable/tutorials/multimodal/object_detection/index.html ,HTTP Error 403 Forbidden,https://auto.gluon.ai/stable/tutorials/multimodal/object_detection/finetune_coco.html
https://auto.gluon.ai/stable/api/autogluon.tabular.TabularPredictor.html#autogluon.tabular.TabularPredictor ,HTTP Error 403 Forbidden,https://auto.gluon.ai/stable/tutorials/tabular_prediction/tabular-custom-metric.html
https://auto.gluon.ai/stable/tutorials/multimodal/advanced_topics/efficient_finetuning_basic.html ,The read operation timed out,https://www.microsoft.com/en-us/research/blog/using-deepspeed-and-megatron-to-train-megatron-turing-nlg-530b-the-worlds-largest-and-most-powerful-generative-language-model/
https://auto.gluon.ai/stable/api/autogluon.tabular.TabularPredictor.fit.html ,HTTP Error 403 Forbidden,https://auto.gluon.ai/stable/tutorials/tabular_prediction/tabular-custom-model.html
https://auto.gluon.ai/stable/tutorials/timeseries/forecasting-model-zoo.html#autogluon.timeseries.models.ETSModel ,HTTP Error 404 Not Found,https://nixtla.github.io/statsforecast/models.html#autoets
https://auto.gluon.ai/stable/api/autogluon.tabular.TabularPredictor.plot_ensemble_model.html ,HTTP Error 404 Not Found,https://pygraphviz.github.io/documentation.html
https://auto.gluon.ai/stable/tutorials/multimodal/image_prediction/beginner_image_cls.html ,HTTP Error 404 Not Found,https://www.kaggle.com/c/shopee-iet-machine-learning-competition/data
https://auto.gluon.ai/stable/api/autogluon.tabular.models.html#autogluon.tabular.models.AbstractModel.get_params ,HTTP Error 404 Not Found,https://docs.ray.io/en/latest/tune/api_docs/analysis.html
https://auto.gluon.ai/stable/api/autogluon.tabular.TabularPredictor.fit.html#autogluon.tabular.TabularPredictor.fit ,HTTP Error 404 Not Found,https://docs.fast.ai/tabular.models.html
https://auto.gluon.ai/stable/tutorials/multimodal/matching/index.html ,HTTP Error 403 Forbidden,https://auto.gluon.ai/stable/tutorials/multimodal/matching/image2text_matching.html
https://auto.gluon.ai/stable/tutorials/timeseries/forecasting-model-zoo.html#autogluon.timeseries.models.SimpleFeedForwardModel ,HTTP Error 404 Not Found,https://nixtla.github.io/statsforecast/models.html#autoarima
https://auto.gluon.ai/stable/tutorials/timeseries/forecasting-model-zoo.html#autogluon.timeseries.models.AutoETSModel ,HTTP Error 404 Not Found,https://github.com/autogluon/autogluon/blob/master/timeseries/src/autogluon/timeseries/models/gluonts/mx/models.py
https://auto.gluon.ai/stable/api/autogluon.timeseries.TimeSeriesDataFrame.from_iterable_dataset.html#autogluon.timeseries.TimeSeriesDataFrame.from_iterable_dataset ,HTTP Error 403 Forbidden,https://ts.gluon.ai/_modules/gluonts/dataset/common.html#ListDataset
https://auto.gluon.ai/stable/tutorials/multimodal/advanced_topics/hyperparameter_optimization.html ,HTTP Error 403 Forbidden,https://auto.gluon.ai/dev/tutorials/course/core.html
https://auto.gluon.ai/stable/tutorials/multimodal/advanced_topics/few_shot_learning.html ,HTTP Error 404 Not Found,http://ai.stanford.edu/~jkrause/cars/car_dataset.html
https://auto.gluon.ai/stable/tutorials/multimodal/index.html ,HTTP Error 403 Forbidden,https://auto.gluon.ai/stable/tutorials/multimodal/object_detection/evaluation/detection_eval_yolov3_coco.html
https://auto.gluon.ai/stable/tutorials/multimodal/index.html ,HTTP Error 403 Forbidden,https://auto.gluon.ai/stable/tutorials/multimodal/object_detection/evaluation/detection_eval_fasterrcnn_voc.html
https://auto.gluon.ai/stable/tutorials/multimodal/index.html ,HTTP Error 403 Forbidden,https://auto.gluon.ai/stable/tutorials/multimodal/object_detection/finetune/detection_high_performance_finetune_coco.html
https://auto.gluon.ai/stable/tutorials/multimodal/index.html ,HTTP Error 403 Forbidden,https://auto.gluon.ai/stable/tutorials/tabular_prediction/index.html
https://auto.gluon.ai/stable/api/autogluon.tabular.models.html#autogluon.tabular.models.AbstractModel.save ,HTTP Error 404 Not Found,https://catboost.ai/docs/concepts/python-reference_parameters-list.html
https://auto.gluon.ai/stable/tutorials/multimodal/index.html ,HTTP Error 403 Forbidden,https://auto.gluon.ai/stable/tutorials/multimodal/object_detection/finetune/detection_fast_finetune_coco.html
https://auto.gluon.ai/stable/tutorials/multimodal/index.html ,HTTP Error 403 Forbidden,https://auto.gluon.ai/stable/tutorials/multimodal/object_detection/evaluation/detection_eval_fasterrcnn_coco.html
https://auto.gluon.ai/stable/tutorials/timeseries/forecasting-model-zoo.html#autogluon.timeseries.models.RecursiveTabularModel ,HTTP Error 404 Not Found,https://nixtla.github.io/statsforecast/models.html#theta
https://auto.gluon.ai/stable/tutorials/multimodal/index.html ,HTTP Error 403 Forbidden,https://auto.gluon.ai/stable/tutorials/multimodal/object_detection/evaluation/detection_eval_ddetr_coco.html
